Ref,Val,Package,PosX,PosY,Rot,Side
"C101","10nF/100V","C_1206_3216Metric",105.305800,-75.235000,0.000000,top
"C102","10nF/100V","C_1206_3216Metric",110.355800,-75.235000,0.000000,top
"C103","10nF/100V","C_1206_3216Metric",115.405800,-75.235000,0.000000,top
"C104","10nF/100V","C_1206_3216Metric",120.455800,-75.235000,0.000000,top
"C_byp1","100nF","C_1206_3216Metric",95.360700,-64.595000,0.000000,top
"C_byp3","100nF","C_1206_3216Metric",19.742600,-52.700000,0.000000,top
"C_cpl12","100nF","C_1206_3216Metric",12.135000,-24.025000,0.000000,top
"C_cpl_out","1uF","C_1206_3216Metric",8.325000,-31.500000,0.000000,top
"C_drvin","100nF","C_1206_3216Metric",64.277000,-61.500000,0.000000,top
"C_drymix","1uF","C_1206_3216Metric",43.422200,-67.950000,0.000000,top
"C_fb_hf","1nF","C_1206_3216Metric",97.310700,-61.145000,0.000000,top
"C_gg","2.2nF","C_1206_3216Metric",12.135000,-62.300000,0.000000,top
"C_in_pa","1uF","C_1206_3216Metric",80.370700,-58.395000,0.000000,top
"C_in_pre","47nF","C_1206_3216Metric",20.404600,-18.075000,0.000000,top
"C_j1","22nF","C_1206_3216Metric",25.960200,-43.100000,0.000000,top
"C_j2","22nF","C_1206_3216Metric",25.960200,-45.850000,0.000000,top
"C_j3","2.2nF","C_1206_3216Metric",25.960200,-53.300000,0.000000,top
"C_j4","2.2nF","C_1206_3216Metric",25.960200,-56.050000,0.000000,top
"C_lfo1","1uF","C_1206_3216Metric",39.612200,-39.025000,0.000000,top
"C_lfo2","1uF","C_1206_3216Metric",34.562200,-39.025000,0.000000,top
"C_mrb_600","68nF","C_1206_3216Metric",62.362200,-18.675000,0.000000,top
"C_mrb_in","100nF","C_1206_3216Metric",62.362200,-13.575000,0.000000,top
"C_mrb_out","100nF","C_1206_3216Metric",62.362200,-26.925000,0.000000,top
"C_obuf_in","1uF","C_1206_3216Metric",44.662200,-41.375000,0.000000,top
"C_pres","100pF","C_1206_3216Metric",16.425000,-27.475000,0.000000,top
"C_reg_out2","100nF","C_1206_3216Metric",138.135800,-75.235000,0.000000,top
"C_res","22nF","C_1206_3216Metric",8.325000,-59.550000,0.000000,top
"C_rev2","10nF","C_1206_3216Metric",69.327000,-63.850000,0.000000,top
"C_rev4","100nF","C_1206_3216Metric",52.282200,-67.950000,0.000000,top
"C_tout","1uF","C_1206_3216Metric",20.995000,-62.300000,0.000000,top
"C_treble","470pF","C_1206_3216Metric",26.045000,-62.300000,0.000000,top
"C_wetmix","1uF","C_1206_3216Metric",34.562200,-67.950000,0.000000,top
"C_zobel","100nF","C_1206_3216Metric",80.370700,-61.145000,0.000000,top
"D1","1N4007","D_SMA",81.615700,-65.195000,0.000000,top
"D2","1N4007","D_SMA",89.110700,-65.195000,0.000000,top
"FID1","Fiducial_1mm_Mask2mm","Fiducial_1mm_Mask2mm",12.000000,-4.000000,0.000000,top
"FID2","Fiducial_1mm_Mask2mm","Fiducial_1mm_Mask2mm",143.000000,-4.000000,0.000000,top
"FID3","Fiducial_1mm_Mask2mm","Fiducial_1mm_Mask2mm",143.000000,-86.000000,0.000000,top
"Q1","MMBF5457","SOT-23",25.074600,-18.800000,0.000000,top
"Q2","MMBF5457","SOT-23",7.945000,-28.200000,0.000000,top
"Q_rec","MMBF5457","SOT-23",72.652200,-68.675000,0.000000,top
"Q_trem","2N3904","SOT-23_MMBT3904_as_EBC",49.422200,-47.000000,0.000000,top
"R_b1","180k","R_0805_2012Metric",41.562200,-46.075000,0.000000,top
"R_b2","10k","R_0805_2012Metric",45.372200,-46.075000,0.000000,top
"R_bias1","22k","R_0805_2012Metric",84.800700,-58.195000,0.000000,top
"R_bias2","22k","R_0805_2012Metric",88.610700,-58.195000,0.000000,top
"R_bias3","22k","R_0805_2012Metric",92.420700,-58.195000,0.000000,top
"R_c","100R","R_0805_2012Metric",57.282200,-46.075000,0.000000,top
"R_d1","10k","R_0805_2012Metric",24.645000,-23.825000,0.000000,top
"R_d2","10k","R_0805_2012Metric",11.995000,-27.275000,0.000000,top
"R_drv1","100k","R_0805_2012Metric",69.327000,-56.600000,0.000000,top
"R_drv2","10k","R_0805_2012Metric",69.327000,-58.950000,0.000000,top
"R_drv3","10R","R_0805_2012Metric",69.327000,-61.300000,0.000000,top
"R_drvbias","220k","R_0805_2012Metric",64.277000,-64.050000,0.000000,top
"R_drymix","100k","R_0805_2012Metric",38.992200,-67.750000,0.000000,top
"R_e","470R","R_0805_2012Metric",53.472200,-46.075000,0.000000,top
"R_fb","22k","R_0805_2012Metric",96.230700,-58.195000,0.000000,top
"R_fs_mrb","100k","R_0805_2012Metric",45.372200,-71.775000,0.000000,top
"R_fs_rev","100k","R_0805_2012Metric",37.752200,-71.775000,0.000000,top
"R_fs_trem","100k","R_0805_2012Metric",41.562200,-71.775000,0.000000,top
"R_fx_pad","10k","R_0805_2012Metric",7.705000,-64.850000,0.000000,top
"R_g1","1M","R_0805_2012Metric",20.404600,-20.625000,0.000000,top
"R_g2","1M","R_0805_2012Metric",7.705000,-23.825000,0.000000,top
"R_gL","4.7k","R_0805_2012Metric",7.705000,-62.100000,0.000000,top
"R_gain","1k","R_0805_2012Metric",92.880700,-60.945000,0.000000,top
"R_gg","180k","R_0805_2012Metric",16.565000,-62.100000,0.000000,top
"R_inb","1M","R_0805_2012Metric",19.742600,-55.250000,0.000000,top
"R_j1","10k","R_0805_2012Metric",25.960200,-40.550000,0.000000,top
"R_j2","10k","R_0805_2012Metric",25.960200,-48.400000,0.000000,top
"R_j3","68k","R_0805_2012Metric",25.960200,-50.750000,0.000000,top
"R_j4","1k","R_0805_2012Metric",24.185000,-59.350000,0.000000,top
"R_lfo_fb1","10k","R_0805_2012Metric",33.942200,-46.075000,0.000000,top
"R_lfo_fb2","4.7k","R_0805_2012Metric",37.752200,-46.075000,0.000000,top
"R_lfo_ser","15k","R_0805_2012Metric",39.612200,-41.575000,0.000000,top
"R_lfo_sh","15k","R_0805_2012Metric",34.562200,-41.575000,0.000000,top
"R_mid","10k","R_0805_2012Metric",12.755000,-59.350000,0.000000,top
"R_mixfb","100k","R_0805_2012Metric",47.852200,-67.750000,0.000000,top
"R_mk1","10k","R_0805_2012Metric",20.375000,-59.350000,0.000000,top
"R_mk2","10k","R_0805_2012Metric",16.565000,-59.350000,0.000000,top
"R_mrb_ser","10k","R_0805_2012Metric",62.362200,-16.125000,0.000000,top
"R_obuf_b","100k","R_0805_2012Metric",44.662200,-38.825000,0.000000,top
"R_pre","100R","R_0805_2012Metric",133.705800,-75.035000,0.000000,top
"R_rec1","10k","R_0805_2012Metric",64.792200,-67.750000,0.000000,top
"R_rec_bias","1M","R_0805_2012Metric",68.602200,-67.750000,0.000000,top
"R_reg1","240R","R_0805_2012Metric",124.885800,-75.035000,0.000000,top
"R_reg2","3.09k","R_1206_3216Metric",129.295800,-75.205000,0.000000,top
"R_trem1","10k","R_0805_2012Metric",72.362200,-46.075000,0.000000,top
"R_vb31","100k","R_0805_2012Metric",19.742600,-47.800000,0.000000,top
"R_vb32","100k","R_0805_2012Metric",19.742600,-50.150000,0.000000,top
"R_vbr1","100k","R_0805_2012Metric",64.277000,-56.600000,0.000000,top
"R_vbr2","100k","R_0805_2012Metric",64.277000,-58.950000,0.000000,top
"R_vbt1","100k","R_0805_2012Metric",49.092200,-41.175000,0.000000,top
"R_vbt2","100k","R_0805_2012Metric",49.092200,-38.825000,0.000000,top
"R_wetmix","100k","R_0805_2012Metric",33.942200,-71.775000,0.000000,top
